id,type,title,description,thumbnail,content_url,created_at,updated_at,album_id,artist,contributor,status
movie.3.idiots,movie,3 Idiots,"Two friends are searching for their long lost companion. They revisit their college days and recall the memories of their friend who inspired them to think differently, even as the rest of the world called them ""idiots"".",plex.movie.poster.3.idiots.hindi.7e2v9p4,"[{""url"":""https://t.me/TGMovies3Bot"",""title"":""Telegram bot for all quality and lang.""}]",2026-01-10 04:29:48.290527+00,2026-01-10 04:29:48.290527+00,,,,true
movie.aavesham,movie,Aavesham,A gangster boss often makes merry with his goons at the liquor bar when not involved in fights with locals over some issues. He becomes protective of three students of the local college who approach him for help as they are being troubled by their college seniors. .,plex.movie.poster.aavesham.malayalam.7e2v9p4,"[{""url"":""https://t.me/TGMovies3Bot"",""title"":""Telegram bot for all quality and lang.""}]",2026-01-10 02:28:21.938436+00,2026-01-10 02:28:21.938436+00,,,,true
movie.adios.amigo,movie,Adios Amigo,"At a bustling bus stand, two men from contrasting social strata cross paths. One basks in affluence, the other grapples with life's challenges. Together, they embark on a journey laced with humor and unexpected adventures.",plex.movie.poster.adios.amigo.malayalam.7e2v9p4,"[{""url"":""https://t.me/TGMovies3Bot"",""title"":""Telegram bot for all quality and lang.""}]",2026-01-10 01:07:46.392148+00,2026-01-10 01:07:46.392148+00,,,,true
movie.agent.sai.srinivasa.athreya,movie,Agent Sai Srinivasa Athreya,Agent Athreya (Navin Polisetty) starts a detective agency in Nellore (a city) named FBI (Fathima Bureau of Investigation) and covers small cases. The silliness and façade continue until Athreya lands in trouble when he seriously pursues a dead found on the rails. How Athreya untangles the mystery is what the film is all about.,plex.movie.poster.agent.sai.srinivasa.athreya.telugu.7e2v9p4,"[{""url"":""https://t.me/TGMovies3Bot"",""title"":""Telegram bot for all quality and lang.""}]",2026-01-10 03:46:43.36006+00,2026-01-10 03:46:43.36006+00,,,,true
movie.akhanda.2,movie,Akhanda 2,"When all hope died, Akhanda arrived. He saved his family, protected his people, killed the wrongdoers, and retreated into isolation. But years later, new threats emerge putting the world in danger. And as the world burns, Akhanda returns.",plex.movie.poster.akhanda.2.7e2v9p4,"[{""url"":""https://flixer.sh/watch/movie/1372588"",""title"":""Telungu""},{""url"":""https://t.me/TGMovies3Bot"",""title"":""Telegram bot for all quality and lang.""}]",2026-01-16 10:16:10.553313+00,2026-01-16 10:16:10.553313+00,,,,true
movie.alappuzha.gymkhana,movie,Alappuzha Gymkhana,"A group of youngsters, after failing their plus two exams, Aims to join a common college through the sports quota. They choose boxing as their sport. By luck, they manage to survive the district-level competitions. But what will happen at the higher levels?.",plex.movie.poster.alappuzha.gymkhana.malayalam.7e2v9p4,"[{""url"":""https://t.me/TGMovies3Bot"",""title"":""Telegram bot for all quality and lang.""}]",2026-01-10 01:08:55.950882+00,2026-01-10 01:08:55.950882+00,,,,true
movie.anaparambile.world.cup,movie,Aanaparambile World Cup,"A small village in the northern part of Kerala is getting ready to witness the football World Cup. The life of a nine-year-old boy, an ardent football fan, is transformed when an unexpected guest arrives in his life.",plex.movie.poster.anaparambile.world.cup.malayalam.7e2v9p4,"[{""url"":""https://t.me/TGMovies3Bot"",""title"":""Telegram bot for all quality and lang.""}]",2026-01-10 01:06:37.560881+00,2026-01-10 01:06:37.560881+00,,,,true
movie.anchakkallakokkan,movie,Anchakkallakokkan,In a small country town a cowardly police constable must survive his first days of duty when a convicted felon in lock up tries to seek revenge.,plex.movie.poster.anchakkallakokkan.malayalam.7e2v9p4,"[{""id"":""movie.anchakkallakokkan.malayalam.7e2v9p4"",""title"":""Malayalam""},{""url"":""https://t.me/TGMovies3Bot"",""title"":""Telegram bot for all quality and lang.""}]",2026-01-10 01:10:34.765163+00,2026-01-10 01:10:34.765163+00,,,,true
movie.andhadhun,movie,Andhadhun,Akash a blind pianist is preparing for a London concert.Sophie's scooter bumps into Akash and upon finding he a pianist she takes him to her restaurant Franco's run by her father and offers him a job.Akash meets 70s actor Pramod Sinha at the restaurant who asks him to do a private concert of his songs at his residence to surprise his wife Simi. Next Day upon reaching his house a shocking surprise is waiting for Akash.,plex.movie.poster.andhadhun.hindi.7e2v9p4,"[{""url"":""https://t.me/TGMovies3Bot"",""title"":""Telegram bot for all quality and lang.""}]",2026-01-10 04:28:39.373648+00,2026-01-10 04:28:39.373648+00,,,,true
movie.angamaly.diaries,movie,Angamaly Diaries,"Vincent Pepe who wanted to be a powerful leader of a righteous gang that ruled the city, like his seniors. And then there's the rival clan with the malicious gangsters of Angamaly a locale on which the film is based.",plex.movie.poster.angamaly.diaries.malayalam.7e2v9p4,"[{""url"":""https://t.me/TGMovies3Bot"",""title"":""Telegram bot for all quality and lang.""}]",2026-01-10 02:24:06.175957+00,2026-01-10 02:24:06.175957+00,,,,true
movie.anmal,movie,Animal,The hardened son of a powerful industrialist returns home after years abroad and vows to take bloody revenge on those threatening his father's life.,plex.movie.poster.animal.hindi.7e2v9p4,"[{""url"":""https://t.me/TGMovies3Bot"",""title"":""Telegram bot for all quality and lang.""}]",2026-01-10 04:38:14.027303+00,2026-01-10 04:38:14.027303+00,,,,true
movie.arm,movie,A.R.M,"Set in the Northern Kerala in 1900, 1950 and 1990, three generations of heroes, Maniyan, Kunjikelu and Ajayan, try to protect the most important treasure of the land.",plex.movie.poster.arm.malayalam.7e2v9p4,"[{""url"":""https://t.me/TGMovies3Bot"",""title"":""Telegram bot for all quality and lang.""}]",2026-01-10 02:36:29.537961+00,2026-01-10 02:36:29.537961+00,,,,true
movie.athi.bheekara.kamukan,movie,Athi Bheekara Kamukan,"On the edge of a misty hilltop in rural Kerala, a young man named Arjun prepares to end his life. It’s the day of his beloved Anu’s wedding—an unbearable moment for a heart that had loved silently and shattered quietly.",plex.movie.poster.athi.bheekara.kamukan.malayalam.7e2v9p4,"[{""id"":""movie.athi.bheekara.kamukan.malayalam.7e2v9p4"",""title"":""Malayalam""},{""url"":""https://t.me/TGMovies3Bot"",""title"":""Telegram bot for all quality and lang.""}]",2026-01-09 12:20:33.625271+00,2026-01-09 12:20:33.625271+00,,,,true
movie.baby,movie,Baby,Two high-school sweethearts face challenges in their relationship when they take different directions in life.,plex.movie.poster.baby.telugu.7e2v9p4,"[{""url"":""https://t.me/TGMovies3Bot"",""title"":""Telegram bot for all quality and lang.""}]",2026-01-10 03:56:01.849552+00,2026-01-10 03:56:01.849552+00,,,,true
movie.baby.girl.2026,movie,Baby Girl,"It was a special day in hospital attendant Sanal’s life: his wife, who had been working abroad for many years was finally coming home to be with him and their child, who she had missed dearly. Now their little family would be complete.",plex.movie.poster.baby.girl.7e2v9p4,"[{""url"":""https://ww7.vcdnlare.com/v/aFonN9EaOXTFCKd?sid=7930&t=hls"",""title"":""Malayalam""},{""url"":""https://t.me/TGMovies3Bot"",""title"":""Telegram bot for all quality and lang.""}]",2026-01-31 10:41:29.323613+00,2026-01-31 10:41:29.323613+00,,,,true
movie.balti,movie,Balti,"In a border town where kabaddi reigns supreme, four champion players dominate both the sport and the streets. When personal rivalries and dangerous feuds emerge, their unbreakable brotherhood faces its greatest test.",plex.movie.poster.balti.malayalam.7e2v9p4,,2026-01-10 02:24:55.057358+00,2026-01-10 02:24:55.057358+00,,,,true
movie.bangalore.days,movie,Bangalore Days,Bangalore Days begins with an intro from Kuttan (Nivin Pauly) introducing himself and his cousins namely Divya (Nazriya) and Aju (Dulquer) who share a very friendly relationship right from the childhood.They get separated after their schooling but are reunited at Bangalore after the marriage of Divya to Das. The story revolves around how their life turns at Bangalore.,plex.movie.poster.bangalore.days.malayalam.7e2v9p4,"[{""url"":""https://t.me/TGMovies3Bot"",""title"":""Telegram bot for all quality and lang.""}]",2026-01-10 02:40:31.417146+00,2026-01-10 02:40:31.417146+00,,,,true
movie.bha.bha.ba,movie,Bha Bha Ba,"Three interconnected lives unfold, with one being a successful conman who continuously deceives others without facing consequences.",plex.movie.poster.bha.bha.ba.malayalam.7e2v9p4,,2026-01-10 02:48:40.880638+00,2026-01-10 02:48:40.880638+00,,,,true
movie.bheeshma.parvam,movie,Bheeshma Parvam,"Michael helms his ancestral family in Kochi, inspiring fear and respect through his past. When a few younger members of the household find his power over their lives too aggravating, they join hands with foes to clamp down on him.",plex.movie.poster.bheeshmaparvam.malayalam.7e2v9p4,"[{""url"":""https://t.me/TGMovies3Bot"",""title"":""Telegram bot for all quality and lang.""}]",2026-01-10 02:37:49.489404+00,2026-01-10 02:37:49.489404+00,,,,true
movie.bro.daddy,movie,Bro Daddy,"John Kattady and his wife Annamma think about marrying off their son Eesho to Anna, who is the daughter of their long-time family friend Kurien. Eesho and Anna don’t act too impressed with each other, despite their parents’ interest in the alliance. Little do the families know what is going on behind the curtains in their lives.",plex.movie.poster.bro.daddy.malayalam.7e2v9p4,"[{""url"":""https://t.me/TGMovies3Bot"",""title"":""Telegram bot for all quality and lang.""}]",2026-01-10 01:12:17.742305+00,2026-01-10 01:12:17.742305+00,,,,true
movie.bromance,movie,Bromance,"Binto teams up with his brother's friends for a thrilling adventure to find him, leading to unexpected twists, discoveries, and unforgettable moments.",plex.movie.poster.bromance.malayalam.7e2v9p4,"[{""url"":""https://t.me/TGMovies3Bot"",""title"":""Telegram bot for all quality and lang.""}]",2026-01-10 01:13:24.48577+00,2026-01-10 01:13:24.48577+00,,,,true
movie.dangal,movie,Dangal,"Biopic of Mahavir Singh Phogat, who taught wrestling to his daughters Babita Kumari and Geeta Phogat. Geeta Phogat was India's first female wrestler to win at the 2010 Commonwealth Games, where she won the gold medal (55 kg) while her sister Babita Kumari won the silver (51 kg).",plex.movie.poster.dangal.hindi.7e2v9p4,"[{""url"":""https://t.me/TGMovies3Bot"",""title"":""Telegram bot for all quality and lang.""}]",2026-01-10 04:30:24.67137+00,2026-01-10 04:30:24.67137+00,,,,true
movie.detective.ujjwalan,movie,Detective Ujjwalan,"In the village of Plaachikkaavu, a local detective, Ujjwalan, must outsmart a mysterious figure in a deadly battle of wits, where his skills are put to the ultimate test.",imdb.movie.poster.detective.ujjwalan.malayalam.7e2v9p4,"[{""url"":""https://t.me/TGMovies3Bot"",""title"":""Telegram bot for all quality and lang.""}]",2026-01-10 01:14:58.771514+00,2026-01-10 01:14:58.771514+00,,,,true
movie.devara.part.1,movie,Devara: Part 1,"Devara, a fearless man from a coastal region, embarks on a perilous journey into the treacherous world of the sea to safeguard the lives of his people. Unbeknownst to him, his brother Bhaira is plotting a conspiracy against him. As events unfold, Devara passes on his legacy to his mild-mannered and timid son, Varada.",plex.movie.poster.devara.part.1.telugu.7e2v9p4,"[{""url"":""https://t.me/TGMovies3Bot"",""title"":""Telegram bot for all quality and lang.""}]",2026-01-10 03:53:07.209359+00,2026-01-10 03:53:07.209359+00,,,,true
movie.dies.irae,movie,Dies Irae,"Rohan's affluent lifestyle spirals out of control as he becomes convinced there is a supernatural entity in his home. As he uncovers the mystery, he is drawn into unexpected realms and alliances, along with the horrors that lie ahead.",imdb.movie.poster.dies.irae.malayalam.7e2v9p4,"[{""url"":""https://t.me/TGMovies3Bot"",""title"":""Telegram bot for all quality and lang.""}]",2026-01-10 01:16:39.095114+00,2026-01-10 01:16:39.095114+00,,,,true
movie.doctor,movie,Doctor,"When his fiancee's niece is kidnapped, a stoic army doctor and his motley team launch a rescue operation in which they need both wit and their wits.",plex.movie.poster.doctor.tamil.7e2v9p4,"[{""url"":""https://t.me/TGMovies3Bot"",""title"":""Telegram bot for all quality and lang.""}]",2026-01-10 03:26:48.725119+00,2026-01-10 03:26:48.725119+00,,,,true
movie.dunki,movie,Dunki,"Four friends from a village in Punjab share a common dream: to go to England. Their problem is that they have neither the visa nor the ticket. A soldier promises to take them to the land of their dreams. Dunki is a hilarious and heartwarming saga of a perilous journey, borders, friendships, nostalgia for home, and love that towers above it all.",plex.movie.poster.dunki.hindi.7e2v9p4,"[{""url"":""https://t.me/TGMovies3Bot"",""title"":""Telegram bot for all quality and lang.""}]",2026-01-10 04:37:21.530741+00,2026-01-10 04:37:21.530741+00,,,,true
movie.eko,movie,Eko,"In the misty hills of Kaattukunnu, an aging woman and her servant boy struggle to survive the ghosts of the past, as the hunt for Kuriachan — a legendary dog breeder and outlaw — blurs the line between myth, memory, and vengeance, revealing that even in absence, he still rules the hills.",plex.movie.poster.eko.malayalam.7e2v9p4,"[{""id"":""movie.eko.malayalam.7e2v9p4"",""title"":""Malayalam""},{""url"":""https://t.me/TGMovies3Bot"",""title"":""Telegram bot for all quality and lang.""}]",2026-01-07 06:27:01.700394+00,2026-01-07 06:27:01.700394+00,,,,true
movie.fallout,movie,Fallout,"Years after a nuclear apocalypse devastates America, a violent raid by bandits on an underground fallout shelter forces one of its residents to set out into a barren wasteland filled with radiation, mutated monsters, and a lawless society of those who remained on the surface.",plex.movie.poster.fallout.7e2v9p4,"[{""url"":""https://flixer.sh/watch/tv/106379/1/1"",""title"":""S01 E01""},{""url"":""https://flixer.sh/watch/tv/106379/1/2"",""title"":""S01 E02""},{""url"":""https://flixer.sh/watch/tv/106379/1/3"",""title"":""S01 E03""},{""url"":""https://flixer.sh/watch/tv/106379/1/4"",""title"":""S01 E04""},{""url"":""https://flixer.sh/watch/tv/106379/1/5"",""title"":""S01 E05""},{""url"":""https://flixer.sh/watch/tv/106379/1/6"",""title"":""S01 E06""},{""url"":""https://flixer.sh/watch/tv/106379/1/7"",""title"":""S01 E07""},{""url"":""https://flixer.sh/watch/tv/106379/1/8"",""title"":""S01 E08""},{""url"":""https://t.me/TGMovies3Bot"",""title"":""Telegram bot for all quality and lang.""}]",2026-01-16 09:26:20.447628+00,2026-01-16 09:26:20.447628+00,,,,true
movie.hi.nanna,movie,Hi Nanna,A single father begins to narrate the story of the missing mother to his child and nothing remains the same.,plex.movie.poster.hi.nanna.telugu.7e2v9p4,"[{""url"":""https://t.me/TGMovies3Bot"",""title"":""Telegram bot for all quality and lang.""}]",2026-01-10 03:54:49.263374+00,2026-01-10 03:54:49.263374+00,,,,true
movie.hridayapoorvam,movie,Hridayapoorvam,"Sandeep, a middle-aged bachelor who recently got a heart transplant, travels to Pune to attend the engagement of his heart-donor’s daughter, Haritha. Her engagement gets broken and Sandeep injures his back on the same day, forcing him to stay back in Pune for a few weeks, in his heart-donor’s house – who was an adventurous Colonel.",imdb.movie.poster.hridayapoorvam.malayalam.7e2v9p4,"[{""url"":""https://t.me/TGMovies3Bot"",""title"":""Telegram bot for all quality and lang.""}]",2026-01-10 01:18:36.542676+00,2026-01-10 01:18:36.542676+00,,,,true
movie.im.game,movie,I'm Game,,plex.movie.poster.im.game.malayalam.7e2v9p4,,2026-01-31 10:20:23.78597+00,2026-01-31 10:20:23.78597+00,,,,true
movie.iron.man,movie,Iron Man,"After being held captive in an Afghan cave, billionaire engineer Tony Stark creates a unique weaponized suit of armor to fight evil.",plex.movie.poster.iron.man.7e2v9p4,"[{""url"":""https://t.me/TGMovies3Bot"",""title"":""Telegram bot for all quality and lang.""}]",2026-01-10 05:02:13.415971+00,2026-01-10 05:02:13.415971+00,,,,true
movie.iron.man.2,movie,Iron Man 2,"With the world now aware of his dual life as the armored superhero Iron Man, billionaire inventor Tony Stark faces pressure from the government, the press, and the public to share his technology with the military. Unwilling to let go of his invention, Stark, along with Pepper Potts, and James ""Rhodey"" Rhodes at his side, must forge new alliances - and confront powerful enemies.",imdb.movie.poster.iron.man.2.malayalam.7e2v9p4,"[{""url"":""https://t.me/TGMovies3Bot"",""title"":""Telegram bot for all quality and lang.""}]",2026-01-10 01:19:35.383733+00,2026-01-10 01:19:35.383733+00,,,,true
movie.iron.man.3,movie,Iron Man 3,"When Tony Stark's world is torn apart by a formidable terrorist called the Mandarin, he starts an odyssey of rebuilding and retribution.",plex.movie.poster.iron.man.3.7e2v9p4,"[{""url"":""https://t.me/TGMovies3Bot"",""title"":""Telegram bot for all quality and lang.""}]",2026-01-10 04:59:33.412064+00,2026-01-10 04:59:33.412064+00,,,,true
movie.ithiri.neram,movie,Ithiri Neram,"On his way to a long-overdue drinking party with two friends, Anish receives an unexpected call from Anjana, a past lover visiting the city. Their decision to meet sets the stage for an evening of easy banter, reopened wounds, and difficult choices.",plex.movie.poster.ithiri.neram.7e2v9p4,"[{""id"":""movie.ithiri.neram.malayalam.7e2v9p4"",""title"":""Malayalam""},{""url"":""https://t.me/TGMovies3Bot"",""title"":""Telegram bot for all quality and lang.""}]",2026-01-15 07:36:08.506224+00,2026-01-15 07:36:08.506224+00,,,,true
movie.jacobinte.swargarajyam,movie,Jacobinte Swargarajyam,The struggles faced by a business man and his family in Dubai to stabilize themselves after getting cheated by a fraudster.,plex.movie.poster.jacobinte.swargarajyam.malayalam.7e2v9p4,"[{""id"":"""",""title"":""Malayalam""},{""url"":""https://t.me/TGMovies3Bot"",""title"":""Telegram bot for all quality and lang.""}]",2026-01-04 06:39:48.533307+00,2026-01-04 06:39:48.533307+00,,,,true
movie.jailer,movie,Jailer,"Muthuvel Pandian is a retired jailer living happily with his wife, son, daughter-in-law and grandson. His son who is an Assistant Commissioner of police goes missing while investigating the case of missing temple idols and is presumed dead. The story is about how Muthuvel Pandian goes toe to toe against Varma, the mastermind behind large-scale smuggling of temple idols and treasures, and avenges his son.",plex.movie.poster.jailer.malayalam.7e2v9p4,"[{""url"":""https://t.me/TGMovies3Bot"",""title"":""Telegram bot for all quality and lang.""}]",2026-01-10 03:20:14.014519+00,2026-01-10 03:20:14.014519+00,,,,true
movie.jathi.ratnalu,movie,Jathi Ratnalu,The plot revolves around the three prisoners. They get released and plan for a happy life outside. Things take a new turn and bring in a twist. Can they find happiness and love now?,plex.movie.poster.jathi.ratnalu.telugu.7e2v9p4,"[{""url"":""https://t.me/TGMovies3Bot"",""title"":""Telegram bot for all quality and lang.""}]",2026-01-10 03:54:04.854979+00,2026-01-10 03:54:04.854979+00,,,,true
movie.jawan,movie,Jawan,"An emotional journey of a prison warden, driven by a personal vendetta while keeping up to a promise made years ago, recruits inmates to commit outrageous crimes that shed light on corruption and injustice, in an attempt to get even with his past, and that leads him to an unexpected reunion.",plex.movie.poster.jawan.hindi.7e2v9p4,"[{""url"":""https://t.me/TGMovies3Bot"",""title"":""Telegram bot for all quality and lang.""}]",2026-01-10 04:36:00.504614+00,2026-01-10 04:36:00.504614+00,,,,true
movie.jomonte.suviseshangal,movie,Jomonte Suviseshangal,"A wayward youth of a rich father, Jomon is a carefree youngster who doesn’t care about ‘being responsible enough’ for his age. When the family lands in a financial soup out of the blue, a different side of the youngster surprisingly emerges. ​",imdb.movie.poster.jomonte.suvisheshangal.malayalam.7e2v9p4,"[{""url"":""https://t.me/TGMovies3Bot"",""title"":""Telegram bot for all quality and lang.""}]",2026-01-10 01:20:33.780172+00,2026-01-10 01:20:33.780172+00,,,,true
movie.july.4,movie,July 4,"Gokul Das, an ex-gangster tries to make a living by becoming the driver of a millionaire, whose daughter, Priya is the target of some killers. Das tries to save Priya, but things are not what they seem to appear.",plex.movie.poster.july.4.malayalam.7e2v9p4,"[{""id"":""movie.july.4.malayalam.7e2v9p4"",""title"":""Malayalam""},{""url"":""https://t.me/TGMovies3Bot"",""title"":""Telegram bot for all quality and lang.""}]",2026-01-09 13:11:10.591096+00,2026-01-09 13:11:10.591096+00,,,,true
movie.kaithi,movie,Kaithi,"On a night where the entire police officers got into an immovable situation, a paroled convict is forced to help the police, so that he can see his daughter for the first time in life. How he helps the department forms the story of this action packed entertainer.",plex.movie.poster.kaithi.tamil.7e2v9p4,"[{""url"":""https://t.me/TGMovies3Bot"",""title"":""Telegram bot for all quality and lang.""}]",2026-01-10 03:22:59.183553+00,2026-01-10 03:22:59.183553+00,,,,true
movie.kalamkaval,movie,Kalamkaval,A routine Kerala Police inquiry in the quiet village of Kottayikonam takes an unexpected turn when a trail of seemingly minor clues unravels into a string of disturbing cases. The investigation soon reveals some unsolved mysteries that have lingered many cases. The strange story unfolds through the investigation against some brilliant strategies of obstructions against their pathways.,plex.movie.poster.kalamkaval.7e2v9p4,"[{""url"":""https://t.me/TGMovies3Bot"",""title"":""Telegram bot for all quality and lang.""}]",2026-01-16 13:46:27.349549+00,2026-01-16 13:46:27.349549+00,,,,true
movie.kammatti.padam,movie,Kammatti Paadam,"Krishnan, who has been living away from his family and friends in Mumbai, gets a call from his friend Ganga in Kerala, out of the blue. He senses danger, and leaves for Kammattipadam, where both of them grew up.",plex.movie.poster.kammatti.padam.malayalam.7e2v9p4,"[{""id"":""movie.kammatti.paadam.malayalam.7e2v9p4"",""title"":""Malayalam""},{""url"":""https://t.me/TGMovies3Bot"",""title"":""Telegram bot for all quality and lang.""}]",2026-01-09 12:34:59.832813+00,2026-01-09 12:34:59.832813+00,,,,true
movie.kannur.squad,movie,Kannur Squad,"The gripping saga of a police officer and his team, their challenging journey to nab a criminal gang across the country. Further, it shows how he leads his team towards triumph, amidst professional uncertainties in this gripping drama.",plex.movie.poster.kannur.squad.malayalam.7e2v9p4,"[{""url"":""https://t.me/TGMovies3Bot"",""title"":""Telegram bot for all quality and lang.""}]",2026-01-10 02:47:39.332222+00,2026-01-10 02:47:39.332222+00,,,,true
movie.kathanar.the.wild.sorcerer,movie,Kathanar – The Wild Sorcerer,,plex.movie.poster.kathanar.the.wild.sorcerer.malayalam.7e2v9p4,,2026-01-31 10:23:17.087002+00,2026-01-31 10:23:17.087002+00,,,,true
movie.kattalan,movie,Kattalan,,plex.movie.poster.kattalan.malayalam.7e2v9p4,,2026-01-31 10:18:37.725316+00,2026-01-31 10:18:37.725316+00,,,,true
movie.khalifa,movie,Khalifa,"A man becomes entangled in a complex world of revenge, heritage and influence amid gold smuggling operations.",plex.movie.poster.khalifa.malayalam.7e2v9p4,,2026-01-31 10:16:08.635179+00,2026-01-31 10:16:08.635179+00,,,,true
movie.king.liar,movie,King Liar,"In this french comedy influenced story, a swellhead grifter Sathyanarayanan aka Naran is trying to make a way for himself in the world and winning the heart of Anjali, with whom he is smitten. In between he intervenes with a fashion mogul's family life to dissolve divorce intentions brewing for a big paycheck.",plex.movie.poster.king.liar.malayalam.7e2v9p4,"[{""url"":""https://t.me/TGMovies3Bot"",""title"":""Telegram bot for all quality and lang.""}]",2026-01-10 01:05:02.73421+00,2026-01-10 01:05:02.73421+00,,,,true
movie.kumbalangi.nights,movie,Kumbalangi Nights,"The film revolves around four brothers who share a love-hate relationship with each other. Franky's elder brothers, Saji, Bobby and Bony lead a messed up life with their downright arrogance, differences, and disagreements with each other. Each one deals with the struggle of his own. Their relationship progresses to another level when Saji, Boney, and Franky decide to help Bobby stand by his love. Franky's wish for a beautiful home cuddles hope.",plex.movie.poster.kumbalangi.nights.malayalam.7e2v9p4,"[{""url"":""https://t.me/TGMovies3Bot"",""title"":""Telegram bot for all quality and lang.""}]",2026-01-10 02:41:36.174831+00,2026-01-10 02:41:36.174831+00,,,,true
movie.kushi,movie,Kushi,"Raised in an atheist household, a young man falls in love with the daughter of his father's arch-rival, a devout Hindu leader.",plex.movie.poster.kushi.telugu.7e2v9p4,"[{""url"":""https://t.me/TGMovies3Bot"",""title"":""Telegram bot for all quality and lang.""}]",2026-01-10 03:57:01.327702+00,2026-01-10 03:57:01.327702+00,,,,true
movie.l2.empuraan,movie,L2: Empuraan,"Five years after becoming Chief Minister of Kerala, Jathin Ramdas' move to align with communal forces led by Balraj 'Baba' Bajrangi, triggers Stephen Nedumpally aka Khureshi Ab'raam to return with his Man Friday Zayed Masood to save his home state and settle scores.",imdb.movie.poster.l2.empuraan.malayalam.7e2v9p4,"[{""url"":""https://t.me/TGMovies3Bot"",""title"":""Telegram bot for all quality and lang.""}]",2026-01-10 01:43:44.182875+00,2026-01-10 01:43:44.182875+00,,,,true
movie.leo,movie,Leo,Parthiban is a mild-mannered cafe owner who fends off a gang of murderous thugs and gains attention from a drug cartel claiming he was once a part of them.,plex.movie.poster.leo.tamil.7e2v9p4,"[{""url"":""https://t.me/TGMovies3Bot"",""title"":""Telegram bot for all quality and lang.""}]",2026-01-10 03:21:07.888284+00,2026-01-10 03:21:07.888284+00,,,,true
movie.lokah.chapter.1.chandra,movie,Lokah Chapter One: Chandra,"The story follows Chandra , a mysterious, goth-influenced woman who has just moved to Bangalore and begins working night shifts at a café. Across the road from her apartment live Sunny and Venu, two aimless bachelors. Sunny becomes infatuated with Chandra, observing her odd routines, strange visitors, and reclusive nature. Their dynamic changes when Sunny gets a glimpse of Chandra in her act.",plex.movie.poster.lokah.chapter.1.chandra.malayalam.7e2v9p4,"[{""id"":""movie.lokah.chapter.1.chandra.malayalam.7e2v9p4"",""title"":""Malayalam""},{""url"":""https://rrr.core36link.site/p6w2/c5/h6a90f70b8d237f94866b6cfc2c7f06afdb8423c6639e9e32e974353737a561a7e34ec18cb9be79c6da0ee72297d2e4437f5f7917318b58e14689cf9616fc5cfe4c1a/3/aGxzLzcyMC83MjA,Ktm0Vt9-cJyXbGG_O3gV_5vGK-kpiQ.m3u8"",""title"":""Hindi""},{""url"":""https://rrr.core36link.site/p6w2/c5/h6a90f70b8d237f94866b6cfc2c7f06afdb8423c6639e9e32e974353737a561a7e34ec18cb9be79c6da0ee72297d2e4437f5f7917318b58e14689cf9616fc5cfe4c1a/4/aGxzLzEwODAvMTA4MA,Ktm0Vt9-cJyXbGG_O3gV_5vGK-kpiQ.m3u8"",""title"":""Hindi-hd""},{""url"":""https://t.me/TGMovies3Bot"",""title"":""Telegram bot for all quality and lang.""}]",2026-01-09 13:01:16.634385+00,2026-01-09 13:01:16.634385+00,,,,true
movie.love.action.drama,movie,Love Action Drama,A man goes through all kinds of action to impress the girl he is in love with a hope to marry her.,plex.movie.poster.love.action.drama.malayalam.7e2v9p4,"[{""id"":""movie.love.action.drama.malayalam.7e2v9p4"",""title"":""Malayalam""},{""url"":""https://t.me/TGMovies3Bot"",""title"":""Telegram bot for all quality and lang.""}]",2026-01-09 12:59:47.017396+00,2026-01-09 12:59:47.017396+00,,,,true
movie.love.today,movie,Love Today,"Two young lovers, who are made to exchange their phones for a day and what happens due to that.",plex.movie.poster.love.today.tamil.7e2v9p4,"[{""url"":""https://t.me/TGMovies3Bot"",""title"":""Telegram bot for all quality and lang.""}]",2026-01-10 03:27:44.097674+00,2026-01-10 03:27:44.097674+00,,,,true
movie.lucifer,movie,Lucifer,"A political Godfather dies and a lot of thieves dressed up as politicians took over the rule. Question arises regarding the successor of the God, unfolding few names, along with the God's most beloved angel, Lucifer.",plex.movie.poster.lucifer.malayalam.7e2v9p4,"[{""url"":""https://t.me/TGMovies3Bot"",""title"":""Telegram bot for all quality and lang.""}]",2026-01-10 02:39:10.519339+00,2026-01-10 02:39:10.519339+00,,,,true
movie.maanaadu,movie,Maanaadu,"On the day of a public conference by the state's Chief Minister, his bodyguard and a police officer are stuck in a time loop.",plex.movie.poster.maanaadu.tamil.7e2v9p4,"[{""url"":""https://t.me/TGMovies3Bot"",""title"":""Telegram bot for all quality and lang.""}]",2026-01-10 03:24:40.031463+00,2026-01-10 03:24:40.031463+00,,,,true
movie.maheshinte.prathikaaram,movie,Maheshinte Prathikaaram,"Mahesh Bhavana from Idukki runs a photo studio and leads a happy contented life living along with his aging father, his darling pet dog, his friends & his lady love with whom he maintains a long distance relationship. One fine day, his rosy life is turned upside down with what could only be called a manifestation of the often quoted butterfly effect!",plex.movie.poster.maheshinte.prathikaram.malayalam.7e2v9p4,"[{""url"":""https://t.me/TGMovies3Bot"",""title"":""Telegram bot for all quality and lang.""}]",2026-01-10 02:30:04.958656+00,2026-01-10 02:30:04.958656+00,,,,true
movie.manichitrathazhu,movie,Manichitrathazhu,"When a forbidden room in an old bungalow is unbolted, the spirit of a vengeful dancer is unleashed.",plex.movie.poster.manichithrathazhu.malayalam.7e2v9p4,"[{""url"":""https://t.me/TGMovies3Bot"",""title"":""Telegram bot for all quality and lang.""}]",2026-01-10 02:55:38.993638+00,2026-01-10 02:55:38.993638+00,,,,true
movie.manjummel.boys,movie,Manjummel Boys,"A group of friends get into a daring rescue mission to save their friend from Guna Caves, a perilously deep pit from where nobody has ever been brought back.",plex.movie.poster.manjummel.boys.malayalam.7e2v9p4,"[{""url"":""https://t.me/TGMovies3Bot"",""title"":""Telegram bot for all quality and lang.""}]",2026-01-10 02:33:49.464765+00,2026-01-10 02:33:49.464765+00,,,,true
movie.master,movie,Master,"An alcoholic professor is sent to a juvenile school, where he clashes with a gangster who uses the school children for criminal activities.",plex.movie.poster.master.tamil.7e2v9p4,"[{""url"":""https://t.me/TGMovies3Bot"",""title"":""Telegram bot for all quality and lang.""}]",2026-01-10 03:23:39.423992+00,2026-01-10 03:23:39.423992+00,,,,true
movie.nadikar,movie,Nadikar,It follows the life of superstar David padikkal. David is a good actor but there comes a point in his life when he is forced to look inward to locate his real character and go beyond the facade of the star.,imdb.movie.poster.nadikar.malayalam.7e2v9p4,"[{""url"":""https://t.me/TGMovies3Bot"",""title"":""Telegram bot for all quality and lang.""}]",2026-01-10 01:23:37.770127+00,2026-01-10 01:23:37.770127+00,,,,true
movie.narivetta,movie,Narivetta,"A global examination of state-sanctioned violence through policing, exploring how power structures meant to protect citizens can transform into systems of control, particularly affecting marginalized communities.",imdb.movie.poster.narivetta.malayalam.7e2v9p4,"[{""url"":""https://t.me/TGMovies3Bot"",""title"":""Telegram bot for all quality and lang.""}]",2026-01-10 01:24:35.541394+00,2026-01-10 01:24:35.541394+00,,,,true
movie.neru,movie,Neru,"Sara, A blind girl is sexually harassed by an intruder. Her Family seeks help from Vijaya Mohan, A lawyer who hasn't practiced for years. With Her resilience and Vijaya Mohan's intelligence, they try to find justice in The Indian Legal System.",plex.movie.poster.neru.malayalam.7e2v9p4,"[{""url"":""https://t.me/TGMovies3Bot"",""title"":""Telegram bot for all quality and lang.""}]",2026-01-10 02:43:16.021314+00,2026-01-10 02:43:16.021314+00,,,,true
movie.odum.kuthira.chadum.kuthira,movie,Odum Kuthira Chadum Kuthira,"When his fiancée's dream leads to an accident on his wedding day, Aby wakes up from a coma to find himself torn between the past and present.",imdb.movie.poster.odum.kuthira.chaadum.kuthira.malayalam.7e2v9p4,"[{""url"":""https://t.me/TGMovies3Bot"",""title"":""Telegram bot for all quality and lang.""}]",2026-01-10 01:22:16.376729+00,2026-01-10 01:22:16.376729+00,,,,true
movie.officer.on.duty,movie,Officer on Duty,"A demoted police inspector investigates a counterfeit jewelry racket, becoming entangled in a dangerous web of crime that puts his life at stake.",imdb.movie.poster.officer.on.duty.malayalam.7e2v9p4,"[{""url"":""https://t.me/TGMovies3Bot"",""title"":""Telegram bot for all quality and lang.""}]",2026-01-10 02:27:09.161094+00,2026-01-10 02:27:09.161094+00,,,,true
movie.padakkalam,movie,Padakkalam,Four nerdy comic book enthusiasts find themselves in an unexpected adventure when their school's charming new professor turns their academic world upside down with supernatural events.,imdb.movie.poster.padakkalam.malayalam.7e2v9p4,"[{""url"":""https://t.me/TGMovies3Bot"",""title"":""Telegram bot for all quality and lang.""}]",2026-01-10 01:25:26.682289+00,2026-01-10 01:25:26.682289+00,,,,true
movie.pakalum.paathiravum,movie,Pakalum Paathiravum,"Michael, a wildlife photographer starts his journey from Kochi to Mysore with a hideous intent.",plex.movie.poster.pakalum.paathiravum.malayalam.7e2v9p4,"[{""url"":""https://t.me/TGMovies3Bot"",""title"":""Telegram bot for all quality and lang.""}]",2026-01-10 02:44:29.965386+00,2026-01-10 02:44:29.965386+00,,,,true
movie.pathaan,movie,Pathaan,"In the unfolding narrative, ""Pathaan,"" portrayed by Shah Rukh Khan, serves as an operative for India's external intelligence agency. He uncovers plans for an assault on India, orchestrated by a mercenary faction under the guidance of the formidable and enigmatic Jim (played by John Abraham), a character with a complex backstory. As time races against him, Pathaan's solitary potential partner in this high-stakes endeavor is Agent Rubai (Deepika Padukone). Together, they navigate a path littered with deception and devastation in their relentless pursuit of Jim.",plex.movie.poster.pathaan.hindi.7e2v9p4,"[{""url"":""https://t.me/TGMovies3Bot"",""title"":""Telegram bot for all quality and lang.""}]",2026-01-10 04:36:42.906003+00,2026-01-10 04:36:42.906003+00,,,,true
movie.perumsni,movie,Perumani,Showcases the lives of the people in a village and the challenges they encounter.,imdb.movie.poster.perumani.malayalam.7e2v9p4,"[{""url"":""https://t.me/TGMovies3Bot"",""title"":""Telegram bot for all quality and lang.""}]",2026-01-10 01:26:20.598849+00,2026-01-10 01:26:20.598849+00,,,,true
movie.pk,movie,PK,An alien on Earth loses the only device he can use to communicate with his spaceship. His innocent nature and child-like questions force the country to evaluate the impact of religious views on people.,plex.movie.poster.pk.hindi.7e2v9p4,"[{""url"":""https://t.me/TGMovies3Bot"",""title"":""Telegram bot for all quality and lang.""}]",2026-01-10 04:34:04.011385+00,2026-01-10 04:34:04.011385+00,,,,true
movie.ponniyin.selvan.1,movie,Ponniyin Selvan 1,"Vandiyathevan crosses the Chola land to deliver a message from the Crown Prince Aditha Karikalan, while Kundavai attempts to establish political peace as vassals and petty chieftains plot against the throne.",plex.movie.poster.ponniyin.selvan.1.tamil.7e2v9p4,"[{""url"":""https://t.me/TGMovies3Bot"",""title"":""Telegram bot for all quality and lang.""}]",2026-01-10 03:19:25.105157+00,2026-01-10 03:19:25.105157+00,,,,true
movie.ponniyin.selvan.2,movie,Ponniyin Selvan 2,"968 AD. The Pandyan assassins gather once again to destroy the Chola dynasty. Now the mighty Chola princes must fight the Pandyas, the Rashtrakutas and other Chola enemies who have joined forces. Also, at play are the rumours of Ponniyin Selvan’s death at sea, the powerful Pazhuvettarayar’s betrayal, and the tragic destiny of Aditha Karikalan, whose heart was long lost to the vengeful Nandini.",plex.movie.poster.ponniyin.selvan.2.tamil.7e2v9p4,"[{""url"":""https://t.me/TGMovies3Bot"",""title"":""Telegram bot for all quality and lang.""}]",2026-01-10 03:18:25.204947+00,2026-01-10 03:18:25.204947+00,,,,true
movie.poster.chatha.pacha.the.ring.of.rowdies,movie,Chatha Pacha: The Ring of Rowdies,"In the heart of Fort Kochi, three brothers and their crew of unlikely misfits stumble into the wild world of WWE-style costumed wrestling. What begins as a scrappy hustle soon explodes into a riot of masks, egos, and full-blown madness, all set against the backdrop of a city that never plays by the rules. But can their brotherhood survive when the real fight begins outside the ropes?",plex.movie.poster.chatha.pacha.the.ring.of.rowdies.7e2v9p4,,2026-01-31 07:22:26.789065+00,2026-01-31 07:22:26.789065+00,,,,true
movie.premam,movie,Premam,A young man has three opportunities to find love. Will the third time be the charm?,imdb.movie.poster.premam.malayalam.7e2v9p4,"[{""url"":""https://t.me/TGMovies3Bot"",""title"":""Telegram bot for all quality and lang.""}]",2026-01-10 01:27:59.351204+00,2026-01-10 01:27:59.351204+00,,,,true
movie.prine.and.family,movie,Prince and Family,"Introverted bridal boutique owner, Prince, the town's most eligible bachelor, marries his polar opposite. Chaos and comedy ensue as their contrasting personalities clash in rural Kerala.",imdb.movie.poster.prince.and.family.malayalam.7e2v9p4,"[{""url"":""https://t.me/TGMovies3Bot"",""title"":""Telegram bot for all quality and lang.""}]",2026-01-10 01:29:12.831229+00,2026-01-10 01:29:12.831229+00,,,,true
movie.pushpa.2.the.rule,movie,Pushpa 2: The Rule,"A smuggling kingpin faces off against a vengeful rival while manipulating politics, making big deals, and navigating tense confrontations. A public apology leads to a dramatic showdown, ending with challenge.",plex.movie.poster.pushpa.2.the.rule.telugu.7e2v9p4,"[{""url"":""https://t.me/TGMovies3Bot"",""title"":""Telegram bot for all quality and lang.""}]",2026-01-10 03:49:49.395489+00,2026-01-10 03:49:49.395489+00,,,,true
movie.pushpa.the.rise,movie,Pushpa: The Rise,"A labourer rises through the ranks of a red sandalwood smuggling syndicate, making some powerful enemies in the process.",plex.movie.poster.pushpa.the.rise.telugu.7e2v9p4,"[{""url"":""https://t.me/TGMovies3Bot"",""title"":""Telegram bot for all quality and lang.""}]",2026-01-10 03:48:52.66324+00,2026-01-10 03:48:52.66324+00,,,,true
movie.puthiya.mugham,movie,Puthiya Mugham,"Krishnakumar, who pursues a career as a percussionist and teaches the mridangam, joins an engineering college in Kochi city. When Anjana, a fellow student, falls in love with him, his life takes a turn as her fiancé, Sudhi, attacks him out of jealousy.",plex.movie.poster.puthiya.mugham.malayalam.7e2v9p4,"[{""url"":""https://t.me/TGMovies3Bot"",""title"":""Telegram bot for all quality and lang.""}]",2026-01-10 01:30:18.013709+00,2026-01-10 01:30:18.013709+00,,,,true
movie.rekhachithram,movie,Rekhachithram,"Having recently served a suspension for gambling online while on duty, Circle Inspector Vivek Gopinath rejoins the police force and is looking to reclaim lost honour. Awaiting him is a 40 year old, unresolved murder mystery with a faceless victim.",imdb.movie.poster.rekhachithram.malayalam.7e2v9p4,"[{""url"":""https://t.me/TGMovies3Bot"",""title"":""Telegram bot for all quality and lang.""}]",2026-01-10 01:31:13.726945+00,2026-01-10 01:31:13.726945+00,,,,true
movie.rrr,movie,RRR,A fearless warrior on a perilous mission comes face to face with a steely cop serving British forces in this epic saga set in pre-independent India.,plex.movie.poster.rrr.telugu.7e2v9p4,"[{""url"":""https://t.me/TGMovies3Bot"",""title"":""Telegram bot for all quality and lang.""}]",2026-01-10 03:47:40.099623+00,2026-01-10 03:47:40.099623+00,,,,true
movie.salaar,movie,Salaar,"Set in the fictional dystopian city-state of Khansaar, the film follows the friendship between Deva, a tribesman, and Varadha, the prince of Khansaar. When a coup d'état is planned by his father's ministers and his relatives, Varadha enlists Deva's help to become Khansaar's undisputed ruler.",plex.movie.poster.salaar.telugu.7e2v9p4,"[{""url"":""https://t.me/TGMovies3Bot"",""title"":""Telegram bot for all quality and lang.""}]",2026-01-10 03:51:11.435494+00,2026-01-10 03:51:11.435494+00,,,,true
movie.sarkeet,movie,Sarkeet,"In a distant land, Balu and Stephy struggle to balance work, parenting their spirited son with ADHD, and holding their relationship together. When a worn-out stranger enters their lives, a fleeting connection sparks unexpected change in just one day.",imdb.movie.poster.sarkeet.malayalam.7e2v9p4,"[{""url"":""https://t.me/TGMovies3Bot"",""title"":""Telegram bot for all quality and lang.""}]",2026-01-10 01:32:37.61042+00,2026-01-10 01:32:37.61042+00,,,,true
movie.sarvam.maya,movie,Sarvam Maya,A young Hindu priest's peaceful life is disrupted when he meets a spirit. What starts as a supernatural challenge evolves into a profound journey that tests his faith and makes him question everything he knows.,plex.movie.poster.sarvam.maya.malayalam.7e2v9p4,"[{""url"":""https://pixovia.free.nf/movie/sarvam.maya.2025/1080p/malayalam"",""title"":""Malayalam HQ""},{""url"":""https://pixovia.free.nf/movie/sarvam.maya.2025/1080p/tamil"",""title"":""Tamil HQ""},{""url"":""https://pixovia.free.nf/movie/sarvam.maya.2025/1080p/kannada"",""title"":""Kannada HQ""},{""url"":""https://pixovia.free.nf/movie/sarvam.maya.2025/720p/malayalam"",""title"":""Malayalam 720P""},{""url"":""https://t.me/TGMovies3Bot"",""title"":""Telegram bot for all quality and lang.""}]",2026-01-10 02:46:06.045787+00,2026-01-10 02:46:06.045787+00,,,,true
movie.spider.man,movie,Spider-Man,"After being bitten by a genetically-modified spider, a shy teenager gains spider-like abilities that he uses to fight injustice as a masked superhero and face a vengeful enemy.",plex.movie.poster.spider.man.7e2v9p4,"[{""url"":""https://t.me/TGMovies3Bot"",""title"":""Telegram bot for all quality and lang.""}]",2026-01-10 05:23:18.123442+00,2026-01-10 05:23:18.123442+00,,,,true
movie.spider.man.2,movie,Spider-Man 2,Peter Parker is beset with troubles in his failing personal life as he battles a former brilliant scientist named Otto Octavius.,plex.movie.poster.spider.man.2.7e2v9p4,"[{""url"":""https://t.me/TGMovies3Bot"",""title"":""Telegram bot for all quality and lang.""}]",2026-01-10 05:24:34.261696+00,2026-01-10 05:24:34.261696+00,,,,true
movie.spider.man.3,movie,Spider-Man 3,"The seemingly invincible Spider-Man goes up against an all-new crop of villains—including the shape-shifting Sandman. While Spider-Man’s superpowers are altered by an alien organism, his alter ego, Peter Parker, deals with nemesis Eddie Brock and also gets caught up in a love triangle.",plex.movie.poster.spider.man.3.7e2v9p4,"[{""url"":""https://t.me/TGMovies3Bot"",""title"":""Telegram bot for all quality and lang.""}]",2026-01-10 05:25:12.918651+00,2026-01-10 05:25:12.918651+00,,,,true
movie.spider.man.across.spider.verse,movie,Spider-Man: Across the Spider-Verse,"Traveling across the multiverse, Miles Morales meets a new team of Spider-People, made up of heroes from different dimensions. But when the heroes clash over how to deal with a new threat, Miles finds himself at a crossroads.",plex.movie.poster.spider.man.across.spider.verse.7e2v9p4,"[{""url"":""https://t.me/TGMovies3Bot"",""title"":""Telegram bot for all quality and lang.""}]",2026-01-10 05:49:43.009196+00,2026-01-10 05:49:43.009196+00,,,,true
movie.spider.man.beyond.the.spider.verse,movie,Spider-Man: Beyond the Spider-Verse,"Taking place right after the events of Spider-Man: Across the Spider-Verse, Gwen Stacy leads the newly reformed Spider-Gang in a race against the Spider-Society, led by Miguel O'Hara, to find Miles Morales, who is trapped in the home dimension of the spider that bit him, along with an alternate version of himself as the Prowler, while the Spot begins his deadly attack in his dimension with far-reaching multiverse consequences.",plex.movie.poster.spider.man.beyond.the.spider.verse.7e2v9p4,"[{""url"":""https://t.me/TGMovies3Bot"",""title"":""Telegram bot for all quality and lang.""}]",2026-01-10 05:22:01.294256+00,2026-01-10 05:22:01.294256+00,,,,true
movie.spider.man.far.from.home,movie,Spider-Man: Far From Home,"Our friendly neighborhood Super Hero decides to join his best friends Ned, MJ, and the rest of the gang on a European vacation. However, Peter's plan to leave super heroics behind for a few weeks are quickly scrapped when he begrudgingly agrees to help Nick Fury uncover the mystery of several elemental creature attacks, creating havoc across the continent.",plex.movie.poster.spider.man.far.from.home.7e2v9p4,"[{""url"":""https://t.me/TGMovies3Bot"",""title"":""Telegram bot for all quality and lang.""}]",2026-01-10 05:28:57.464654+00,2026-01-10 05:28:57.464654+00,,,,true
movie.spider.man.homecoming,movie,Spider-Man: Homecoming,"Following the events of Captain America: Civil War, Peter Parker, with the help of his mentor Tony Stark, tries to balance his life as an ordinary high school student in Queens, New York City, with fighting crime as his superhero alter ego Spider-Man as a new threat, the Vulture, emerges.",plex.movie.poster.spider.man.homecoming.7e2v9p4,"[{""url"":""https://t.me/TGMovies3Bot"",""title"":""Telegram bot for all quality and lang.""}]",2026-01-10 05:28:04.185577+00,2026-01-10 05:28:04.185577+00,,,,true
movie.spider.man.into.the.spider.verse,movie,Spider-Man: Into the Spider-Verse,"Phil Lord and Christopher Miller, the creative minds behind The Lego Movie and 21 Jump Street, bring their unique talents to a fresh vision of a different Spider-Man Universe, with a groundbreaking visual style that's the first of its kind. ""Spider-Man(TM): Into the Spider-Verse"" introduces Brooklyn teen Miles Morales (Shameik Moore), and the limitless possibilities of the Spider-Verse, where more than one can wear the mask.",plex.movie.poster.spider.man.into.spider.verse.7e2v9p4,"[{""url"":""https://t.me/TGMovies3Bot"",""title"":""Telegram bot for all quality and lang.""}]",2026-01-10 05:48:32.905521+00,2026-01-10 05:48:32.905521+00,,,,true
movie.spider.man.no.way.home,movie,Spider-Man: No Way Home,"Peter Parker's secret identity is revealed to the entire world. Desperate for help, Peter turns to Doctor Strange to make the world forget that he is Spider-Man. The spell goes horribly wrong and shatters the multiverse, bringing in monstrous villains that could destroy the world.",plex.movie.poster.spider.man.no.way.home.7e2v9p4,"[{""url"":""https://t.me/TGMovies3Bot"",""title"":""Telegram bot for all quality and lang.""}]",2026-01-10 05:29:54.181008+00,2026-01-10 05:29:54.181008+00,,,,true
movie.stree,movie,Stree,"In the small town of Chanderi, the menfolk live in fear of an evil spirit named ""Stree"" who abducts men in the night. Based on the urban legend of ""Nale Ba"" that went viral in Karnataka in the 1990s.",plex.movie.poster.stree.hindi.7e2v9p4,"[{""url"":""https://t.me/TGMovies3Bot"",""title"":""Telegram bot for all quality and lang.""}]",2026-01-10 04:38:51.530015+00,2026-01-10 04:38:51.530015+00,,,,true
movie.sumathi.valavu,movie,Sumathi Valavu,"A haunted curve in Kerala, named after Sumathi's tragic death, draws various people into supernatural encounters. As they experience strange events, the mystery of Sumathi and the road's dark history unfolds.",imdb.movie.poster.sumathi.valavu.malayalam.7e2v9p4,"[{""url"":""https://t.me/TGMovies3Bot"",""title"":""Telegram bot for all quality and lang.""}]",2026-01-10 01:34:01.558345+00,2026-01-10 01:34:01.558345+00,,,,true
movie.thalaivan.thalaivii,movie,Thalaivan Thalaivii,"Two headstrong lovers navigate a turbulent relationship where passion and conflict intertwine, creating an intense emotional bond through their shared journey.",imdb.movie.poster.thalaivan.thalaivii.malayalam.7e2v9p4,"[{""url"":""https://t.me/TGMovies3Bot"",""title"":""Telegram bot for all quality and lang.""}]",2026-01-10 01:37:38.931308+00,2026-01-10 01:37:38.931308+00,,,,true
movie.thalavan,movie,Thalavan,"The intense rivalry between two police officers—CI Jayashankar and SI Karthik takes a dark turn when a body is found in Jayashankar’s house, and he becomes the prime suspect in a murder investigation, which is led by Karthik, adding a layer of tension to their already strained relationship.",imdb.movie.poster.thalavan.malayalam.7e2v9p4,"[{""url"":""https://t.me/TGMovies3Bot"",""title"":""Telegram bot for all quality and lang.""}]",2026-01-10 01:35:08.720692+00,2026-01-10 01:35:08.720692+00,,,,true
movie.thalavara.mayalam,movie,Thalavara,"Mocked for his vitiligo, Jyothish has spent years hiding from the world-until love and a daring dream to act pull him into the light. But when rejection and cruelty test him, he discovers that real victory isn't fame or approval, but the courage to stand up, unbroken, and redefine what makes him extraordinary.",imdb.movie.poster.thalavara.malayalam.7e2v9p4,"[{""url"":""https://t.me/TGMovies3Bot"",""title"":""Telegram bot for all quality and lang.""}]",2026-01-10 01:36:07.634023+00,2026-01-10 01:36:07.634023+00,,,,true
movie.the.amazing.spider.man,movie,The Amazing Spider-Man,"After Peter Parker is bitten by a genetically altered spider, he gains newfound, spider-like powers and ventures out to save the city from the machinations of a mysterious reptilian foe.",plex.movie.poster.the.amazing.spider.man.7e2v9p4,"[{""url"":""https://t.me/TGMovies3Bot"",""title"":""Telegram bot for all quality and lang.""}]",2026-01-10 05:26:24.417349+00,2026-01-10 05:26:24.417349+00,,,,true
movie.the.amazing.spider.man.2,movie,The Amazing Spider-Man 2,"When New York is put under siege by Oscorp, it is up to Spider-Man to save the city he swore to protect as well as his loved ones.",plex.movie.poster.the.amazing.spider.man.2.7e2v9p4,"[{""url"":""https://t.me/TGMovies3Bot"",""title"":""Telegram bot for all quality and lang.""}]",2026-01-10 05:27:05.19859+00,2026-01-10 05:27:05.19859+00,,,,true
movie.the.bad.guys.2,movie,The Bad Guys 2,"The Bad Guys are struggling to find trust and acceptance in their newly minted lives as Good Guys, when they are pulled out of retirement and forced to do ""one last job"" by an all-female squad of criminals.",plex.movie.poster.the.bad.guys.2.7e2v9p4,"[{""id"":""movie.the.bad.guys.2.english.7e2v9p4"",""title"":""English""},{""url"":""https://t.me/TGMovies3Bot"",""title"":""Telegram bot for all quality and lang.""}]",2026-01-07 11:18:00.410406+00,2026-01-07 11:18:00.410406+00,,,,true
movie.thudarum,movie,Thudarum,"In the quiet hill town of Ranni, humble taxi driver Shanmughan treasures one thing above all - his aging Ambassador car. When fate puts him to the test, he must prove just how far he'll go for what he holds dear.",imdb.movie.poster.thudarum.malayalam.7e2v9p4,"[{""url"":""https://t.me/TGMovies3Bot"",""title"":""Telegram bot for all quality and lang.""}]",2026-01-10 01:39:18.27632+00,2026-01-10 01:39:18.27632+00,,,,true
movie.thunivu,movie,Thunvu,"Thunivu is a mystery thriller movie that begins with a bank robbery, which leads to a sense of revenge against the government and the police. They threaten the government and police that if they let them go out without any trouble, they will not do any harm to the hostages over there. If they make any trouble, they will kill all the hostages. Some of the gang members stay outside to support them as they run away.",plex.movie.poster.thunivu.tamil.7e2v9p4,"[{""url"":""https://t.me/TGMovies3Bot"",""title"":""Telegram bot for all quality and lang.""}]",2026-01-10 03:25:55.70376+00,2026-01-10 03:25:55.70376+00,,,,true
movie.ustad.hotel,movie,Ustad Hotel,"An urbane chef from a well-to-do family with very high ambitions goes on to find approval from his conservative father, true love and the real purpose of his life.",plex.movie.poster.ustad.hotel.malayalam.7e2v9p4,"[{""url"":""https://t.me/TGMovies3Bot"",""title"":""Telegram bot for all quality and lang.""}]",2026-01-10 02:50:44.726164+00,2026-01-10 02:50:44.726164+00,,,,true
movie.vaazha.2,movie,Vaazha 2,Four friends labeled as losers and troublemakers embark on an emotional journey of self-discovery as they face mounting social pressure. They learn to embrace their responsibilities and find success on their own terms.,plex.poster.vaazha.2.xmz8u7y,"[{""url"":""https://pixovia.free.nf/movie/player/t.html?id=movie.vaazha.2"",""title"":""Theator Print""},{""url"":""https://pixovia.free.nf/movie/vaazha.2/"",""title"":""Print -Server 2""},{""url"":""https://www.youtube.com/playlist?list=PLAtgiIfuWGZsEuPlLT5KzH1vc1uXiO6LL"",""title"":""YouTube Playlist""}]",2026-04-09 12:35:09.238+00,2026-04-09 12:35:09.238+00,,,,false
movie.vaazha.biopic.of.a.billion.boys,movie,Vaazha: Biopic of a Billion Boys,"Four friends deemed 'losers' face immense pressure from parents and society upon entering adulthood. Their emotional tale sees them embark on a journey of self-discovery and acceptance, where love ultimately triumphs over judgment.",plex.movie.poster.vazha.malayalam.7e2v9p4,"[{""url"":""https://t.me/TGMovies3Bot"",""title"":""Telegram bot for all quality and lang.""}]",2026-01-10 01:45:29.128881+00,2026-01-10 01:45:29.128881+00,,,,true
movie.vala.story.of.bangle,movie,Vala: The Story of a Bangle,"A jewelry piece sparks chaos in modern relationships. A bangle triggers family conflict and emotional strain, showing how minor items can create major impact.",imdb.movie.poster.vala.story.of.a.bangle.malayalam.7e2v9p4,"[{""url"":""https://t.me/TGMovies3Bot"",""title"":""Telegram bot for all quality and lang.""}]",2026-01-10 01:40:05.106755+00,2026-01-10 01:40:05.106755+00,,,,true
movie.vellam,movie,vellam,"An alcoholic is left stranded by society, friends and family until he successfully completes his de-addiction. Will they accept him when he is clean and sober?",plex.movie.poster.vella.malayalam.7e2v9p4,"[{""id"":"""",""title"":""Malayalam""},{""url"":""https://t.me/TGMovies3Bot"",""title"":""Telegram bot for all quality and lang.""}]",2026-01-04 05:29:21.811828+00,2026-01-04 05:29:21.811828+00,,,,true
movie.vikram,movie,Vikram,"Amar is assigned to investigate a case of serial killings. When Amar investigates the case, he realizes it is not what it seems to be and following down this path will lead to nothing but war between everyone involved.",plex.movie.poster.vikram.tamil.7e2v9p4,"[{""url"":""https://t.me/TGMovies3Bot"",""title"":""Telegram bot for all quality and lang.""}]",2026-01-10 03:21:59.57931+00,2026-01-10 03:21:59.57931+00,,,,true
movie.vismayathumbathu,movie,Vismayathumbathu,A soul in search of herself.,imdb.movie.poster.vismayathumbathu.malayalam.7e2v9p4,"[{""url"":""https://t.me/TGMovies3Bot"",""title"":""Telegram bot for all quality and lang.""}]",2026-01-10 01:42:23.935682+00,2026-01-10 01:42:23.935682+00,,,,true
song.jaalakari.balti.mayalam.9q4j2m7,audio,Jaalakaari,,jalakari.malayalam,"{""id"":""song.malayalam.mp3.jalakari.balti.movie.9q4j2m7""}",2026-01-04 08:25:07.756772+00,2026-01-04 08:25:07.756772+00,,,,true
song.malayalam.hridayvathil.hridayapoorvam.9q4j2m7,audio,Hridayavathil,,hridayapoorvam.malyalam.album.thumbnail.9q4j2m7,"{""id"":""song.malayalam.mp3.hridayathil.hridayam.movie.9q4j2m7""}",2026-01-04 07:09:02.787024+00,2026-01-04 07:09:02.787024+00,rockstargames.contents.3m9z4b6,"[{""name"":""Justin Prabhakaran"",""avatar"":""https://is1-ssl.mzstatic.com/image/thumb/Features211/v4/19/75/64/19756474-bc83-669f-7cbd-59711b6e5a22/mza_6918878938616486611.png/800x800vb.webp"",""country"":""IN"",""main_lang"":""Malayalam""},{""name"":""S.P. Charan"",""avatar"":""https://i.scdn.co/image/ab6761610000e5eb51edae3c6c669b66d1c2d34e"",""country"":""IN"",""main_lang"":""Malayalam""},{""name"":""Manu Manjith"",""avatar"":""https://s.saregama.tech/image/c/m/8/a5/8b/manu-manjith_1642064984.jpg"",""country"":""IN"",""main_lang"":""Malayalam""}]",,true
song.malayalam.kalyani.9q4j2m7,audio,Kalayani,,kalyani.song.thumbnail.zq73iwx,"{""id"":""kalayani.malayalam.song.p0dbclo""}",2026-03-09 07:44:46.800853+00,2026-03-09 07:44:46.800853+00,,"[{""name"":""ARJN"",""avatar"":""https://i.scdn.co/image/ab6761610000e5ebbdc56a7bca6e6e711875285d"",""country"":""IN"",""main_lang"":""Malayalam""},{""name"":""KDS"",""avatar"":""https://c.saavncdn.com/artists/KDS_000_20251212124025_500x500.jpg"",""country"":""IN"",""main_lang"":""Malayalam""},{""name"":""FIFTY4"",""avatar"":""https://i.scdn.co/image/ab67616100005174093849a1801f2031710f54e1"",""country"":""IN"",""main_lang"":""Malayalam""},{""name"":""RONN"",""avatar"":""https://i.scdn.co/image/ab67616100005174e291d8577d3e0d4aa8593a9b"",""country"":""IN"",""main_lang"":""Malayalam""}]",,true
song.malayalam.puthu.mazha.9q4j2m7,audio,Puthu Mazha,,puthu.mazha.thumb.ibc7as6,"{""id"":""puthu.mazha.osyev7g""}",2026-03-09 07:51:13.465493+00,2026-03-09 07:51:13.465493+00,,"[{""name"":""Justin Prabhakaran"",""avatar"":""https://is1-ssl.mzstatic.com/image/thumb/Features211/v4/19/75/64/19756474-bc83-669f-7cbd-59711b6e5a22/mza_6918878938616486611.png/800x800vb.webp"",""country"":""IN"",""main_lang"":""Malayalam""},{""name"":""Shakthisree Gopalan"",""avatar"":""https://i.scdn.co/image/ab6761610000e5eba4aed358506f8ced29af53a5"",""country"":""IN"",""main_lang"":""Mal, Tam, Tel, Kan, Eng""},{""name"":""Manu Manjith"",""avatar"":""https://s.saregama.tech/image/c/m/8/a5/8b/manu-manjith_1642064984.jpg"",""country"":""IN"",""main_lang"":""Malayalam""}]",,true
web.series.i.love.la,movie,I Love LA,"A codependent friend group navigates life and love in Los Angeles. With aspirations of becoming a talent manager, Maia is stalled out as an assistant while living with her boyfriend...until her longtime best friend and frenzied influencer Tallulah returns.",plex.movie.poster.i.love.la.7e2v9p4,"[{""id"":""i.love.la.web.series.s1.e1.english.7e2v9p4"",""title"":""S01 EP01""},{""url"":""https://t.me/TGMovies3Bot"",""title"":""Telegram bot for all quality and lang.""}]",2026-01-10 06:19:38.342985+00,2026-01-10 06:19:38.342985+00,,,,true
web.series.pharma,movie,Pharma web series,"A medical sales rep excels at selling KydoXin, but upon learning of its harmful effects on patients, he faces a moral crisis and must decide whether to challenge the corporate powers behind it.",plex.web.series.pharma.malayalam.poster,"[{""url"":""http://pixovia.free.nf/movie/pharma.2025/s01ep01/720p/"",""title"":""S01 EP01""},{""id"":""pharma.web.series.s1.e2.malayalam.7e2v9p4"",""title"":""S01 EP02""},{""id"":""pharma.web.series.s1.e3.malayalam.7e2v9p4"",""title"":""S01 EP03""},{""id"":""pharma.web.series.s1.e4.malayalam.7e2v9p4"",""title"":""S01 EP04""},{""id"":""pharma.web.series.s1.e5.malayalam.7e2v9p4"",""title"":""S01 EP05""},{""id"":""pharma.web.series.s1.e6.malayalam.7e2v9p4"",""title"":""S01 EP06""},{""id"":""pharma.web.series.s1.e7.malayalam.7e2v9p4"",""title"":""S01 EP07""},{""id"":""pharma.web.series.s1.e8.malayalam.7e2v9p4"",""title"":""S01 EP08""},{""url"":""https://t.me/TGMovies3Bot"",""title"":""Telegram bot for all quality and lang.""}]",2026-01-05 15:29:16.891213+00,2026-01-05 15:29:16.891213+00,,,,true
web.series.s.line,movie,S Line,"S Line; The red line that ties you and your sexual partner. A girl, able to see invisible 'S-Lines', faces chaos with the emergence of glasses that reveal these lines. As greed consumes the wearers, she and a detective team up to halt this crisis and find the person behind it.",plex.poster.s.line.xmz8u7y,"[{""url"":""https://pixovia.free.nf/movie/player/t.html?id=web.series.s.line.s1.e1"",""title"":""S01 EP01: Girl With Sunglasses""},{""url"":""https://pixovia.free.nf/movie/player/t.html?id=web.series.s.line.s1.e2"",""title"":""S01 EP02: Animal Kingdom""},{""url"":""https://pixovia.free.nf/movie/player/t.html?id=web.series.s.line.s1.e3"",""title"":""S01 EP03: Apartment""},{""url"":""https://pixovia.free.nf/movie/player/t.html?id=web.series.s.line.s1.e4"",""title"":""S01 EP04: Meishin Hotel""},{""url"":""https://pixovia.free.nf/movie/player/t.html?id=web.series.s.line.s1.e5"",""title"":""S01 EP05: The Glasses""},{""url"":""https://pixovia.free.nf/movie/player/t.html?id=web.series.s.line.s1.e6"",""title"":""S01 EP06: S Line""},{""url"":""https://t.me/TGMovies3Bot"",""title"":""Telegram bot for all quality and lang.""}]",2026-03-24 09:03:03.904196+00,2026-03-24 09:03:03.904196+00,,,,true