id,title,uploader,no_files,created_at,updated_at,contributor
football.logo.9q4j2m7,Football Logo,Pixovia LLC,5,2026-01-04 15:00:27.163126+00,2026-01-04 15:00:27.163126+00,
giphy.gifs.helbo90,Giphy Gifs,Giphy,7793,2026-01-28 09:28:56.237593+00,2026-01-28 09:28:56.237593+00,
gta.sa.boat.mods.6g3qdpn,GTA SA boat mods,GTAinside.com,2,2026-02-14 11:19:27.637136+00,2026-02-14 11:19:27.637136+00,
hentai.porn.1.helbo90,Hentai Porn Collection 1,Hentai Collector,0,2026-04-09 05:52:35.660106+00,2026-04-09 05:52:35.660106+00,
kerala.syllabus.plusoneplustwo.textbooks.f6mhh3h,Kerala Syllabus Plusone/Plustwo textbooks,SCERT Kerala,6,2026-02-14 11:12:15.125685+00,2026-02-14 11:12:15.125685+00,
mallu.porn.1.helbo90,Mallu Porn Library 1,Mallu Unknown,99,2026-04-07 17:53:17.76302+00,2026-04-07 17:53:17.76302+00,
movie.poster.imdb.9q4j2m7,Movie posters by IMDb,IMDb,24,2026-01-10 00:20:30.558026+00,2026-01-10 00:20:30.558026+00,
movie.poster.plex.9q4j2m7,Movie Posters by Plex Movies,Plex Movies,93,2026-01-04 05:39:00.451888+00,2026-01-04 05:39:00.451888+00,
original.youtube.emojis.collection.4jwmiut,Original YouTube emojis Collection,Jjgssi,0,2026-03-27 11:46:03.710479+00,2026-03-27 11:46:03.710479+00,
pexels.4k.wallpapers.fpitgjc,Pexels 4K Wallpapers,Pexels,6,2026-01-28 07:58:15.09296+00,2026-01-28 07:58:15.09296+00,
pexels.assets.collection,Pexels file collections,Pexels,12630,2026-01-05 14:19:26.917313+00,2026-01-05 14:19:26.917313+00,
pexels.videos.9q4j2m7,Pexels Video Collection,Pexels,10965,2026-01-29 17:36:00.218288+00,2026-01-29 17:36:00.218288+00,
photos.epstein.files.etksj61,Photos - Epstein Files,Jmail.world,1,2026-02-12 14:31:30.657703+00,2026-02-12 14:31:30.657703+00,
pinterest.image.collections,Pinterest image collections,Pinterest,0,2026-01-05 14:16:09.766905+00,2026-01-05 14:16:09.766905+00,
pixabay.audios.mq6t2vh,Pixabay Audios,Pixabay,5,2026-01-30 04:26:34.547767+00,2026-01-30 04:26:34.547767+00,
pixovia.movies.collections.9q4j2m7,Pixovia Movies,Pixovia Movies,7,2026-01-07 06:24:48.43842+00,2026-01-07 06:24:48.43842+00,
plus.one.microbits.by.microbits.97c7m8r,Plus One Microbits by micro_bits,Pixovia LLC,0,2026-03-04 12:05:18.60799+00,2026-03-04 12:05:18.60799+00,
plus.two.microbits.by.microbits.s14v4zb,Plus Two Microbits by micro_bits,Pixovia LLC,0,2026-03-04 14:28:32.3736+00,2026-03-04 14:28:32.3736+00,
rockstargames.contents.3m9z4b6,Rockstar Games Contents,Pixovia LLC,25,2026-01-03 13:47:46.699638+00,2026-01-03 13:47:46.699638+00,
saavn.music.thumbnails.51rsmin,Saavn Music Thumbnails,Pixovia LLC,0,2026-03-09 07:42:22.288675+00,2026-03-09 07:42:22.288675+00,
saavn.musics.b7sd4g2,Saavn Musics,Pixovia LLC,0,2026-03-09 07:42:52.328078+00,2026-03-09 07:42:52.328078+00,
sound.effects.by.stockmediacom.f7uu2b0,Sound Effects by StockMedia.com,StockMedia.com,6,2026-02-14 11:04:24.293666+00,2026-02-14 11:04:24.293666+00,
tamannaah.bhatia.desifakes.net.1.h5tho90,Tamannaah Bhatia Deepfakes by Desifakes,Desifakes.net,0,2026-04-09 08:50:39.558388+00,2026-04-09 08:50:39.558388+00,
universal.arts.wallpapers.sfj7bxz,Universal arts & Wallpapers,Universal arts & Wallpapers,1,2026-01-29 15:43:34.379605+00,2026-01-29 15:43:34.379605+00,
unsplash.images.9q4j2m7,Unsplash Images,Unsplash,1203,2026-01-29 16:25:42.49913+00,2026-01-29 16:25:42.49913+00,
videy.co.helbo90,Videy.co Videos Playlist Original,Videy.co,0,2026-04-07 11:26:58.208242+00,2026-04-07 11:26:58.208242+00,
web.series.malayalam.pharma.s1.7e2v9p4,Pharma Malayalam web series S1,Movie Hosteei,0,2026-01-05 14:36:08.217381+00,2026-01-05 14:36:08.217381+00,