id,name,isPublicUpload,createdAt,updatedAt,userId
21fbryi9a6ywwroluhgubvst6,Mallu Hot web series - Desi Tales,false,2026-06-24 12:33:21.382,2026-06-24 12:33:21.382,4caa7320-10b6-48e6-bd14-81623adb664c
22b371la3xq6c915f9xu5h9r34,DESILOVER | ULTRA REALISTIC | PREMIUM 4K FAKES 💋❤️‍🔥 | TOP TIER ONLY --- hr77777,false,2026-06-24 06:46:28.133,2026-06-24 06:46:28.133,ac5d34e1-45d9-4f7e-b59d-47fc95b6bf8b
2ot54e3axlr0lrmvsk6recieuu0,Savitha Bhabi Video Comic,false,2026-06-24 15:36:27.384,2026-06-24 15:36:27.384,ddcacdc7-7f98-4352-8294-a0fea50381db
2s9nf0k2mc5bmza0zmf3pcx23n,Actors and Actress by rman,false,2026-06-24 06:42:43.666,2026-06-24 06:42:43.666,ac5d34e1-45d9-4f7e-b59d-47fc95b6bf8b
2uw9lh4llfqqt509ldbc2kqq8,Real Mallu Leaked Videos - Desi Tales,false,2026-06-24 12:32:21.902,2026-06-24 12:32:21.902,4caa7320-10b6-48e6-bd14-81623adb664c
356c5ryqogm2yuz85cvn3a7ns,Horny Actress Gallery,false,2026-06-24 08:30:25.912,2026-06-24 08:30:25.912,ac5d34e1-45d9-4f7e-b59d-47fc95b6bf8b
5mghxdwqf73evtbcpmzg6qxmh,Mallu Sex Video,false,2026-06-23 02:52:02.47,2026-06-23 02:52:02.47,39115030-0351-4020-a35f-db1973829287
7gmqbxdwph53evxtcmz6fqmgh,tamil sexmms videos,false,2026-06-23 02:52:02.47,2026-06-23 02:52:02.47,39115030-0351-4020-a35f-db1973829287
7xwgvbhcdme3pqfmtm6g5qzhx,JOPORN 240p,false,2026-06-23 02:35:20.104,2026-06-23 08:05:12,35bee3f1-5aca-4b7c-b5b3-ea47b43dcd49
cfmpmx1katutt9jeafbffdqnm,Videy.CO videos,true,2026-06-21 17:13:24.059,2026-06-21 22:43:11,387caf2c-5de8-4bbb-b851-b3b926bf8537
fbfkcxdm9maj1eapunqttmfft,Thamannah Bhatia Desifakes,true,2026-06-21 17:14:39.504,2026-06-21 22:44:36,ac5d34e1-45d9-4f7e-b59d-47fc95b6bf8b
fbtatmmpxfndfkjua91mcqetf,Unsplash Images,false,2026-06-21 17:15:24.1,2026-06-21 22:44:59,f7bb98c6-43b7-4d02-a7e6-b047f1bb0da0
ffmep1d9utafmabttqxmjcknf,Giphy GIFs,false,2026-06-21 17:17:59.825,2026-06-21 22:47:53,e1b3fd42-63da-4cfd-9954-0debe3ff5e88
fkaqctmeunmdm1bttfptjxfa9,YT Emojis,false,2026-06-21 17:16:59.247,2026-06-21 22:46:58,b8910566-940b-492f-94d1-8d5d4083cee3
fqzx7h5mdpm6g3cbvtwexqmgh,Indian Pron Video,false,2026-06-23 02:52:02.47,2026-06-23 02:52:02.47,39115030-0351-4020-a35f-db1973829287
mch7gexqf3zv5gmqtbwdphmx6,Desi Xxx Videos,false,2026-06-23 02:52:02.47,2026-06-23 02:52:02.47,39115030-0351-4020-a35f-db1973829287
mdpq6bgv7hc3fmxtx5zmehwgq,JOPORN 360p,false,2026-06-23 02:34:51.83,2026-06-23 08:04:45,35bee3f1-5aca-4b7c-b5b3-ea47b43dcd49
mtffb9daemxqpfktjcatu1nfm,Football Logos,true,2026-06-21 17:16:09.75,2026-06-21 22:46:08,b8910566-940b-492f-94d1-8d5d4083cee3
q3mghfpdmx67evxtbzwgcmh5q,Desi Village Xxx Video,false,2026-06-23 02:52:02.47,2026-06-23 02:52:02.47,39115030-0351-4020-a35f-db1973829287
qjtutmpnexffa9da1mcfbktmf,Pexels Assets,false,2026-06-21 22:41:55,2026-06-21 22:41:53,1ac98ef7-d0b3-434f-8c98-cf1693c4698a
thm7gxqv3b5zdmcef6wpgqmxh,Tamil mms videos,false,2026-06-23 02:52:02.47,2026-06-23 02:52:02.47,39115030-0351-4020-a35f-db1973829287
xgvtq7m6bmwphd3c5zexfqmgh,Hindi XXx Web Series,false,2026-06-23 02:52:02.47,2026-06-23 02:52:02.47,39115030-0351-4020-a35f-db1973829287
zxthqcg5e7wwm6fbvhdmpqxmg,JOPORN 480p,false,2026-06-23 02:34:16.898,2026-06-23 08:04:07,35bee3f1-5aca-4b7c-b5b3-ea47b43dcd49